<?xml version="1.0" encoding="windows-1251"?><ValCurs Date="03.03.2021" name="Foreign Currency Market"><Valute ID="R01010"><NumCode>036</NumCode><CharCode>AUD</CharCode><Nominal>1</Nominal><Name>Австралийский доллар</Name><Value>57,7736</Value></Valute><Valute ID="R01020A"><NumCode>944</NumCode><CharCode>AZN</CharCode><Nominal>1</Nominal><Name>Азербайджанский манат</Name><Value>43,8938</Value></Valute><Valute ID="R01035"><NumCode>826</NumCode><CharCode>GBP</CharCode><Nominal>1</Nominal><Name>Фунт стерлингов Соединенного королевства</Name><Value>103,5481</Value></Valute><Valute ID="R01060"><NumCode>051</NumCode><CharCode>AMD</CharCode><Nominal>100</Nominal><Name>Армянских драмов</Name><Value>14,1442</Value></Valute><Valute ID="R01090B"><NumCode>933</NumCode><CharCode>BYN</CharCode><Nominal>1</Nominal><Name>Белорусский рубль</Name><Value>28,5577</Value></Valute><Valute ID="R01100"><NumCode>975</NumCode><CharCode>BGN</CharCode><Nominal>1</Nominal><Name>Болгарский лев</Name><Value>45,7827</Value></Valute><Valute ID="R01115"><NumCode>986</NumCode><CharCode>BRL</CharCode><Nominal>1</Nominal><Name>Бразильский реал</Name><Value>13,2175</Value></Valute><Valute ID="R01135"><NumCode>348</NumCode><CharCode>HUF</CharCode><Nominal>100</Nominal><Name>Венгерских форинтов</Name><Value>24,5807</Value></Valute><Valute ID="R01200"><NumCode>344</NumCode><CharCode>HKD</CharCode><Nominal>10</Nominal><Name>Гонконгских долларов</Name><Value>96,1235</Value></Valute><Valute ID="R01215"><NumCode>208</NumCode><CharCode>DKK</CharCode><Nominal>1</Nominal><Name>Датская крона</Name><Value>12,0405</Value></Valute><Valute ID="R01235"><NumCode>840</NumCode><CharCode>USD</CharCode><Nominal>1</Nominal><Name>Доллар США</Name><Value>74,5755</Value></Valute><Valute ID="R01239"><NumCode>978</NumCode><CharCode>EUR</CharCode><Nominal>1</Nominal><Name>Евро</Name><Value>89,5652</Value></Valute><Valute ID="R01270"><NumCode>356</NumCode><CharCode>INR</CharCode><Nominal>10</Nominal><Name>Индийских рупий</Name><Value>10,1547</Value></Valute><Valute ID="R01335"><NumCode>398</NumCode><CharCode>KZT</CharCode><Nominal>100</Nominal><Name>Казахстанских тенге</Name><Value>17,7122</Value></Valute><Valute ID="R01350"><NumCode>124</NumCode><CharCode>CAD</CharCode><Nominal>1</Nominal><Name>Канадский доллар</Name><Value>58,7903</Value></Valute><Valute ID="R01370"><NumCode>417</NumCode><CharCode>KGS</CharCode><Nominal>100</Nominal><Name>Киргизских сомов</Name><Value>87,9317</Value></Valute><Valute ID="R01375"><NumCode>156</NumCode><CharCode>CNY</CharCode><Nominal>1</Nominal><Name>Китайский юань</Name><Value>11,5271</Value></Valute><Valute ID="R01500"><NumCode>498</NumCode><CharCode>MDL</CharCode><Nominal>10</Nominal><Name>Молдавских леев</Name><Value>42,4932</Value></Valute><Valute ID="R01535"><NumCode>578</NumCode><CharCode>NOK</CharCode><Nominal>10</Nominal><Name>Норвежских крон</Name><Value>86,7742</Value></Valute><Valute ID="R01565"><NumCode>985</NumCode><CharCode>PLN</CharCode><Nominal>1</Nominal><Name>Польский злотый</Name><Value>19,7290</Value></Valute><Valute ID="R01585F"><NumCode>946</NumCode><CharCode>RON</CharCode><Nominal>1</Nominal><Name>Румынский лей</Name><Value>18,3647</Value></Valute><Valute ID="R01589"><NumCode>960</NumCode><CharCode>XDR</CharCode><Nominal>1</Nominal><Name>СДР (специальные права заимствования)</Name><Value>107,1434</Value></Valute><Valute ID="R01625"><NumCode>702</NumCode><CharCode>SGD</CharCode><Nominal>1</Nominal><Name>Сингапурский доллар</Name><Value>55,9540</Value></Valute><Valute ID="R01670"><NumCode>972</NumCode><CharCode>TJS</CharCode><Nominal>10</Nominal><Name>Таджикских сомони</Name><Value>65,4458</Value></Valute><Valute ID="R01700J"><NumCode>949</NumCode><CharCode>TRY</CharCode><Nominal>1</Nominal><Name>Турецкая лира</Name><Value>10,2034</Value></Valute><Valute ID="R01710A"><NumCode>934</NumCode><CharCode>TMT</CharCode><Nominal>1</Nominal><Name>Новый туркменский манат</Name><Value>21,3378</Value></Valute><Valute ID="R01717"><NumCode>860</NumCode><CharCode>UZS</CharCode><Nominal>10000</Nominal><Name>Узбекских сумов</Name><Value>70,9087</Value></Valute><Valute ID="R01720"><NumCode>980</NumCode><CharCode>UAH</CharCode><Nominal>10</Nominal><Name>Украинских гривен</Name><Value>26,6736</Value></Valute><Valute ID="R01760"><NumCode>203</NumCode><CharCode>CZK</CharCode><Nominal>10</Nominal><Name>Чешских крон</Name><Value>34,2058</Value></Valute><Valute ID="R01770"><NumCode>752</NumCode><CharCode>SEK</CharCode><Nominal>10</Nominal><Name>Шведских крон</Name><Value>88,1007</Value></Valute><Valute ID="R01775"><NumCode>756</NumCode><CharCode>CHF</CharCode><Nominal>1</Nominal><Name>Швейцарский франк</Name><Value>81,2369</Value></Valute><Valute ID="R01810"><NumCode>710</NumCode><CharCode>ZAR</CharCode><Nominal>10</Nominal><Name>Южноафриканских рэндов</Name><Value>49,5538</Value></Valute><Valute ID="R01815"><NumCode>410</NumCode><CharCode>KRW</CharCode><Nominal>1000</Nominal><Name>Вон Республики Корея</Name><Value>66,3282</Value></Valute><Valute ID="R01820"><NumCode>392</NumCode><CharCode>JPY</CharCode><Nominal>100</Nominal><Name>Японских иен</Name><Value>69,7913</Value></Valute></ValCurs>