{
  "data": [
    {
      "date": "2021-01-29",
      "prcp": null,
      "pres": null,
      "snow": null,
      "tavg": -6.7,
      "tmax": -4,
      "tmin": -9,
      "tsun": null,
      "wdir": null,
      "wpgt": null,
      "wspd": null
    },
    {
      "date": "2021-01-30",
      "prcp": null,
      "pres": null,
      "snow": null,
      "tavg": -4.6,
      "tmax": 0,
      "tmin": -8,
      "tsun": null,
      "wdir": null,
      "wpgt": null,
      "wspd": null
    },
    {
      "date": "2021-01-31",
      "prcp": null,
      "pres": null,
      "snow": null,
      "tavg": -5.1,
      "tmax": -3,
      "tmin": -7,
      "tsun": null,
      "wdir": null,
      "wpgt": null,
      "wspd": null
    },
    {
      "date": "2021-02-01",
      "prcp": null,
      "pres": null,
      "snow": null,
      "tavg": -1,
      "tmax": 1,
      "tmin": -6,
      "tsun": null,
      "wdir": null,
      "wpgt": null,
      "wspd": null
    },
    {
      "date": "2021-02-02",
      "prcp": null,
      "pres": null,
      "snow": null,
      "tavg": -0.1,
      "tmax": 1,
      "tmin": -1,
      "tsun": null,
      "wdir": null,
      "wpgt": null,
      "wspd": null
    },
    {
      "date": "2021-02-03",
      "prcp": null,
      "pres": null,
      "snow": null,
      "tavg": -0.5,
      "tmax": 3,
      "tmin": -2,
      "tsun": null,
      "wdir": null,
      "wpgt": null,
      "wspd": null
    },
    {
      "date": "2021-02-04",
      "prcp": null,
      "pres": null,
      "snow": null,
      "tavg": 2.5,
      "tmax": 6,
      "tmin": -1,
      "tsun": null,
      "wdir": null,
      "wpgt": null,
      "wspd": null
    },
    {
      "date": "2021-02-05",
      "prcp": null,
      "pres": null,
      "snow": null,
      "tavg": 5.4,
      "tmax": 8,
      "tmin": 3,
      "tsun": null,
      "wdir": null,
      "wpgt": null,
      "wspd": null
    },
    {
      "date": "2021-02-06",
      "prcp": null,
      "pres": null,
      "snow": null,
      "tavg": 3.9,
      "tmax": 7,
      "tmin": 1,
      "tsun": null,
      "wdir": null,
      "wpgt": null,
      "wspd": null
    },
    {
      "date": "2021-02-07",
      "prcp": null,
      "pres": null,
      "snow": null,
      "tavg": 0.5,
      "tmax": 4,
      "tmin": -4,
      "tsun": null,
      "wdir": null,
      "wpgt": null,
      "wspd": null
    },
    {
      "date": "2021-02-08",
      "prcp": null,
      "pres": null,
      "snow": null,
      "tavg": -4.7,
      "tmax": -2,
      "tmin": -8,
      "tsun": null,
      "wdir": null,
      "wpgt": null,
      "wspd": null
    },
    {
      "date": "2021-02-09",
      "prcp": null,
      "pres": null,
      "snow": null,
      "tavg": -0.8,
      "tmax": 1,
      "tmin": -3,
      "tsun": null,
      "wdir": null,
      "wpgt": null,
      "wspd": null
    },
    {
      "date": "2021-02-10",
      "prcp": null,
      "pres": null,
      "snow": null,
      "tavg": -1.1,
      "tmax": 2,
      "tmin": -3,
      "tsun": null,
      "wdir": null,
      "wpgt": null,
      "wspd": null
    },
    {
      "date": "2021-02-11",
      "prcp": null,
      "pres": null,
      "snow": null,
      "tavg": -2.2,
      "tmax": 0,
      "tmin": -3,
      "tsun": null,
      "wdir": null,
      "wpgt": null,
      "wspd": 9.3
    },
    {
      "date": "2021-02-12",
      "prcp": null,
      "pres": null,
      "snow": null,
      "tavg": -3.5,
      "tmax": -1,
      "tmin": -7,
      "tsun": null,
      "wdir": null,
      "wpgt": null,
      "wspd": null
    },
    {
      "date": "2021-02-13",
      "prcp": null,
      "pres": null,
      "snow": null,
      "tavg": -2.3,
      "tmax": -1,
      "tmin": -4,
      "tsun": null,
      "wdir": null,
      "wpgt": null,
      "wspd": null
    },
    {
      "date": "2021-02-14",
      "prcp": null,
      "pres": null,
      "snow": null,
      "tavg": 0,
      "tmax": 3,
      "tmin": -3,
      "tsun": null,
      "wdir": null,
      "wpgt": null,
      "wspd": null
    },
    {
      "date": "2021-02-15",
      "prcp": null,
      "pres": null,
      "snow": null,
      "tavg": 0.5,
      "tmax": 2,
      "tmin": -1,
      "tsun": null,
      "wdir": null,
      "wpgt": null,
      "wspd": null
    },
    {
      "date": "2021-02-16",
      "prcp": null,
      "pres": null,
      "snow": null,
      "tavg": 4.6,
      "tmax": 11,
      "tmin": 1,
      "tsun": null,
      "wdir": null,
      "wpgt": null,
      "wspd": null
    },
    {
      "date": "2021-02-17",
      "prcp": null,
      "pres": null,
      "snow": null,
      "tavg": -2,
      "tmax": 1,
      "tmin": -6,
      "tsun": null,
      "wdir": null,
      "wpgt": null,
      "wspd": null
    },
    {
      "date": "2021-02-18",
      "prcp": null,
      "pres": null,
      "snow": null,
      "tavg": -2.7,
      "tmax": -1,
      "tmin": -4,
      "tsun": null,
      "wdir": null,
      "wpgt": null,
      "wspd": null
    },
    {
      "date": "2021-02-19",
      "prcp": null,
      "pres": null,
      "snow": null,
      "tavg": -0.8,
      "tmax": 1,
      "tmin": -2,
      "tsun": null,
      "wdir": null,
      "wpgt": null,
      "wspd": null
    },
    {
      "date": "2021-02-20",
      "prcp": null,
      "pres": null,
      "snow": null,
      "tavg": -0.6,
      "tmax": 1,
      "tmin": -3,
      "tsun": null,
      "wdir": null,
      "wpgt": null,
      "wspd": null
    },
    {
      "date": "2021-02-21",
      "prcp": null,
      "pres": null,
      "snow": null,
      "tavg": -0.8,
      "tmax": 2,
      "tmin": -4,
      "tsun": null,
      "wdir": null,
      "wpgt": null,
      "wspd": null
    },
    {
      "date": "2021-02-22",
      "prcp": null,
      "pres": null,
      "snow": null,
      "tavg": 1.9,
      "tmax": 4,
      "tmin": 0,
      "tsun": null,
      "wdir": null,
      "wpgt": null,
      "wspd": null
    },
    {
      "date": "2021-02-23",
      "prcp": null,
      "pres": null,
      "snow": null,
      "tavg": 4.6,
      "tmax": 7,
      "tmin": 2,
      "tsun": null,
      "wdir": null,
      "wpgt": null,
      "wspd": null
    },
    {
      "date": "2021-02-24",
      "prcp": null,
      "pres": null,
      "snow": null,
      "tavg": 8.1,
      "tmax": 12,
      "tmin": 4,
      "tsun": null,
      "wdir": null,
      "wpgt": null,
      "wspd": null
    },
    {
      "date": "2021-02-25",
      "prcp": null,
      "pres": null,
      "snow": null,
      "tavg": 7,
      "tmax": 10,
      "tmin": 4,
      "tsun": null,
      "wdir": null,
      "wpgt": null,
      "wspd": null
    },
    {
      "date": "2021-02-26",
      "prcp": null,
      "pres": null,
      "snow": null,
      "tavg": 4.2,
      "tmax": 7,
      "tmin": 1,
      "tsun": null,
      "wdir": null,
      "wpgt": null,
      "wspd": null
    },
    {
      "date": "2021-02-27",
      "prcp": null,
      "pres": null,
      "snow": null,
      "tavg": 7.1,
      "tmax": 10,
      "tmin": 3,
      "tsun": null,
      "wdir": null,
      "wpgt": null,
      "wspd": null
    },
    {
      "date": "2021-02-28",
      "prcp": null,
      "pres": null,
      "snow": null,
      "tavg": null,
      "tmax": null,
      "tmin": null,
      "tsun": null,
      "wdir": null,
      "wpgt": null,
      "wspd": null
    }
  ],
  "meta": {
    "exec_time": 0.156,
    "generated": "2021-02-28 19:41:11",
    "source": "National Oceanic and Atmospheric Administration, Deutscher Wetterdienst"
  }
}